ensgene,logFC,CI.L,CI.R,AveExpr,t,P.Value,adj.P.Val,B,symbol,description
ENSG00000127124,0.8460166218995124,0.5812743401794471,1.1107589036195777,4.260324982735761,6.315614989298079,3.0545709350940544e-9,2.6086792120305384e-5,10.800705821444097,HIVEP3,HIVEP zinc finger 3
ENSG00000131620,0.6585295244697358,0.4492604863374883,0.8677985626019833,6.864828638733996,6.219139969620308,4.9759322921715305e-9,2.6086792120305384e-5,10.31570231205015,ANO1,anoctamin 1
ENSG00000228727,-1.2574754290800705,-1.6554133130528375,-0.8595375451073035,1.2682499361467185,-6.245170219052566,4.3638069101853056e-9,2.6086792120305384e-5,10.267669112038718,SAPCD1,suppressor APC domain containing 1
ENSG00000145555,0.5984597921603934,0.40753650807453934,0.7893830762462474,6.739725078310961,6.194926241159968,5.620699844933505e-9,2.6086792120305384e-5,10.205977650061577,MYO10,myosin X
ENSG00000173267,-0.9711987712615646,-1.2879431373603862,-0.654454405162743,1.358707166185898,-6.0598138581466,1.1040815277657706e-8,3.894186774498075e-5,9.229979407515476,SNCG,synuclein gamma
ENSG00000180720,-1.526510347051343,-2.0253904275095254,-1.0276302665931607,0.5632864884072721,-6.047329706293582,1.1746663544551635e-8,3.894186774498075e-5,9.06825597107624,CHRM4,cholinergic receptor muscarinic 4
ENSG00000178776,-1.279711572734553,-1.7059912812460123,-0.8534318642230935,5.046858911384999,-5.9330429986709765,2.064708116853217e-8,5.3237351732995274e-5,8.975163189118408,C5orf46,chromosome 5 open reading frame 46
ENSG00000167106,0.6153847441395106,0.40736282240165755,0.8234066658773637,5.802609878205697,5.846523235033957,3.15166967493267e-8,7.313764647648752e-5,8.58036352640582,EEIG1,estrogen-induced osteoclastogenesis regulator 1
ENSG00000185633,-0.9447317802478903,-1.2793131477450297,-0.6101504127507509,4.59945285017346,-5.580419295543204,1.1315602930338987e-7,0.00021882490133453877,7.39415477314173,NDUFA4L2,NDUFA4 mitochondrial complex associated like 2
ENSG00000165269,1.5931381326589933,1.0325393076417715,2.153736957676215,-0.7410843047959331,5.616442386231069,9.537055840054475e-8,2.0119719802209467e-4,6.521072458334527,AQP7,aquaporin 7
ENSG00000186207,-1.023360341434885,-1.3991445855800388,-0.6475760972897313,3.696559956747446,-5.382079073310816,2.8669524763830133e-7,5.117730705149554e-4,6.511014314254655,LCE5A,late cornified envelope 5A
ENSG00000255152,-1.2099308213955977,-1.663842193554519,-0.7560194492366765,1.0499853339567333,-5.268045714109149,4.847365971577843e-7,7.499198315762362e-4,5.9027482006846945,MSH5-SAPCD1,MSH5-SAPCD1 readthrough (NMD candidate)
ENSG00000126878,-0.5850998679103006,-0.8065048797100643,-0.36369485611053676,4.547462941393563,-5.222790568012717,5.959159548682285e-7,0.00081346033227483005,5.815755634539832,AIF1L,allograft inflammatory factor 1 like
ENSG00000233680,-0.8414429824071636,-1.1555771092991294,-0.527308855515198,1.2249116695314277,-5.293825621096716,4.307300198888524e-7,7.13965774395765e-4,5.728749596491797,HNRNPA1P27,heterogeneous nuclear ribonucleoprotein A1 pseudogene 27
ENSG00000196139,-0.6998553941985945,-0.9699905720771087,-0.42972021632008034,3.874530970319444,-5.120203589968717,9.47718452438448e-7,9.56206713360288e-4,5.4009822094996744,AKR1C3,aldo-keto reductase family 1 member C3
ENSG00000164687,-0.9132265621613289,-1.263757378884789,-0.562695745437869,8.225432535904035,-5.1488754767782074,8.329460964614362e-7,9.204451006897185e-4,5.397337468397793,FABP5,fatty acid binding protein 5
ENSG00000171119,0.8942950901223232,0.5525026722693305,1.236087507975316,1.4305652346699866,5.17104694642735,7.535807539688836e-7,8.743797488300957e-4,5.374368505368687,NRTN,neurturin
ENSG00000188624,-0.9993944217565183,-1.3908386000320474,-0.6079502434809891,2.2696037202096413,-5.0457664084279745,1.3222099012346318e-6,0.0011364149247426246,5.035974503661269,IGFL3,IGF like family member 3
ENSG00000177551,-0.9820692090732241,-1.3620651408100668,-0.6020732773363815,0.6293126814152545,-5.107674421984511,1.002572233273021e-6,9.694038018889053e-4,4.881319275659636,NHLH2,nescient helix-loop-helix 2
ENSG00000125571,-0.8566727760005177,-1.1962173643096121,-0.5171281876914233,4.734516890332645,-4.986297785136322,1.7213449419899632e-6,0.0012885092141771287,4.76825288951132,IL37,interleukin 37
ENSG00000136697,-0.803307170376315,-1.1221591459410571,-0.484455194811573,1.8078971994530129,-4.979119962689838,1.776794572682415e-6,0.0012885092141771287,4.727293461823677,IL1F10,interleukin 1 family member 10
ENSG00000073792,0.8356347894631648,0.5014713078163073,1.1697982711100223,2.5281409951236866,4.942168903566443,2.0908303415741967e-6,0.0014476490888652768,4.6405565172846135,IGF2BP2,insulin like growth factor 2 mRNA binding protein 2
ENSG00000174808,-0.8932853190184566,-1.2512172181922665,-0.5353534198446467,4.158554443509656,-4.932304159154217,2.1833886973319265e-6,0.0014476490888652768,4.547905883783672,BTC,betacellulin
ENSG00000101846,-0.6560291192459893,-0.9244667226321212,-0.3875915158598574,5.567925106325716,-4.829918724003455,3.4114511386349036e-6,0.002029900900593886,4.141921374784943,STS,steroid sulfatase
ENSG00000300975,-1.1586402405969083,-1.624986085167472,-0.6922943960263446,-1.4893197475257998,-4.9102155252794875,2.405283929949942e-6,0.0014960994427764896,3.946614349982342,,novel transcript
ENSG00000167754,-0.5855101837316878,-0.8282768490242061,-0.3427435184391696,7.663423532904903,-4.766564332559088,4.482616377368248e-6,0.0024767522774573228,3.7814489978408385,KLK5,kallikrein related peptidase 5
ENSG00000169992,0.759428125764424,0.4425403531542771,1.0763158983745709,1.8502045824017603,4.736322367954326,5.102436281487124e-6,0.0026312696966264487,3.744372829935296,NLGN2,neuroligin 2
ENSG00000189182,-0.9349390959717567,-1.3239133634674904,-0.5459648284760229,7.0301297969051655,-4.750316078121405,4.8059639133244535e-6,0.002576821087334784,3.6897359743253393,KRT77,keratin 77
ENSG00000305326,1.4763031940705684,0.912479457535096,2.040126930606041,-1.7467817791085074,5.1747844276100805,7.409476963875311e-7,8.743797488300957e-4,3.5549311860376642,,"novel transcript, sense intronic to SLC7A5"
ENSG00000107159,-1.1493702587517194,-1.6335383832592587,-0.6652021342441801,0.5192763659268724,-4.691630701901905,6.17254607765295e-6,0.003113915310391616,3.422860752746785,CA9,carbonic anhydrase 9
ENSG00000187210,-0.7191562566932612,-1.032190745789264,-0.40612176759725843,2.7088998948017187,-4.540368818550144,1.1652847384631295e-5,0.004558972205707166,3.097685833636822,GCNT1,glucosaminyl (N-acetyl) transferase 1
ENSG00000142973,0.8453380806743214,0.47872570740699694,1.211950453941646,4.226654347087444,4.557045591845988,1.0871865561625376e-5,0.004490742513936595,3.0864710406599123,CYP4B1,cytochrome P450 family 4 subfamily B member 1
ENSG00000117594,-0.812088195839137,-1.1661733459190116,-0.4580030457592626,3.395900957307658,-4.532685045282276,1.2030630267196094e-5,0.004558972205707166,3.002400445273829,HSD11B1,hydroxysteroid 11-beta dehydrogenase 1
ENSG00000226674,0.8812836789676763,0.4969296985023482,1.2656376594330045,1.5880101408965617,4.531525233793608,1.2088669912723952e-5,0.004558972205707166,2.9676214804129986,TEX41,testis expressed 41
ENSG00000114854,-1.1218077649954936,-1.609389932639913,-0.6342255973510742,-0.05208539887281884,-4.547060017727888,1.13332060550152e-5,0.004534454822632461,2.901789825111093,TNNC1,"troponin C1, slow skeletal and cardiac type"
ENSG00000165731,1.1151696347683429,0.6327307788114529,1.5976084907252328,0.5963862107160987,4.568343114865981,1.0371747419006727e-5,0.004457162418619817,2.8709672307530028,RET,ret proto-oncogene
ENSG00000234859,-1.2074185516480298,-1.7289858963914764,-0.6858512069045831,0.13738780319330665,-4.575172893509094,1.0080250722416027e-5,0.004413628269139365,2.868841399062412,,novel transcript
ENSG00000078596,-0.858351599938111,-1.2399452802659356,-0.4767579196102864,3.7920912618812506,-4.445535738025965,1.7231906154265035e-5,0.0055539390863315885,2.69460777989965,ITM2A,integral membrane protein 2A
ENSG00000104267,0.8668057913439435,0.4833854981368118,1.2502260845510753,6.178695662629591,4.46793419300158,1.5718967183778614e-5,0.005211062178096665,2.6608793551040364,CA2,carbonic anhydrase 2
ENSG00000073849,0.7788971055862901,0.4313207044457326,1.1264735067268477,4.279349366473314,4.4288387305293835,1.8449943921186215e-5,0.005785802684257396,2.632450003526418,ST6GAL1,"ST6 beta-galactoside alpha-2,6-sialyltransferase 1"
ENSG00000156475,-0.8514191532194064,-1.2337194496483157,-0.46911885679049703,2.0304352119823075,-4.401481081266471,2.062673626664699e-5,0.006216416127322209,2.5716923004364487,PPP2R2B,protein phosphatase 2 regulatory subunit Bbeta
ENSG00000104490,0.9502735493889891,0.5220685910850411,1.3784785076929371,3.2494527945337137,4.385882653418132,2.19763227127887e-5,0.006429477990149008,2.5120042356048717,NCALD,neurocalcin delta
ENSG00000281969,1.3198293107711754,0.7573481157542141,1.8823105057881366,-1.7030813819924828,4.637349410228788,7.765907046619315e-6,0.0036778701821193432,2.3095730627987976,,TEC
ENSG00000221878,-1.4908615355197559,-2.163779109306444,-0.8179439617330682,0.4153570143079448,-4.378602273030211,2.2634915549361202e-5,0.006429477990149008,2.17079918984361,PSG7,pregnancy specific beta-1-glycoprotein 7
ENSG00000184304,0.8163254942532552,0.4376010787267379,1.1950499097797724,1.1273183475761346,4.259906966222008,3.645709478239083e-5,0.008905508858106965,1.9678857627686241,PRKD1,protein kinase D1
ENSG00000258708,-0.8338506453107972,-1.2103915706859607,-0.45730971993563385,-0.6561067675316856,-4.376592806249883,2.2820010427229814e-5,0.006429477990149008,1.9560661438508147,SLC25A21-AS1,SLC25A21 antisense RNA 1
ENSG00000165887,-1.4737829356063015,-2.1244813890408167,-0.8230844821717864,-1.5339884807732516,-4.476244575543963,1.5190848524411008e-5,0.005108968563151911,1.9475323490170418,ANKRD2,ankyrin repeat domain 2
ENSG00000118194,-0.6099893980481799,-0.8947619235268323,-0.3252168725695275,3.4040160192402933,-4.233350804648435,4.050954459546652e-5,0.009691386514251506,1.9277006381453434,TNNT2,"troponin T2, cardiac type"
ENSG00000182667,-0.7921509620285518,-1.1642632756295066,-0.4200386484275971,1.524851602061217,-4.207207877790031,4.4918614856058895e-5,0.010120207537375754,1.8608987422608303,NTM,neurotrimin
ENSG00000169213,-0.7425866862249881,-1.0897817561172696,-0.39539161633270664,3.579141458621973,-4.227013817221872,4.153853830969087e-5,0.009731675937624053,1.8357180843929122,RAB3B,"RAB3B, member RAS oncogene family"
ENSG00000123342,0.8903930064902114,0.4741969705186127,1.30658904246181,1.2576473872207035,4.228086456962442,4.136262017930298e-5,0.009731675937624053,1.8151444205016194,MMP19,matrix metallopeptidase 19
ENSG00000198910,0.7163597933240466,0.3778053669708053,1.054914219677288,3.258066314233382,4.181795248239594,4.964284910253199e-5,0.010449265730698215,1.7708233220787069,L1CAM,L1 cell adhesion molecule
ENSG00000153395,0.6397667045146433,0.33753366862898565,0.9419997404003011,3.773363315215279,4.183499864418757,4.931161514585241e-5,0.010449265730698215,1.7696142973318612,LPCAT1,lysophosphatidylcholine acyltransferase 1
ENSG00000184730,0.6199304500345721,0.32558479887292013,0.9142761011962242,1.6092483212391904,4.162415246327452,5.3561663370493896e-5,0.010715103104962771,1.6626921506045145,APOBR,apolipoprotein B receptor
ENSG00000173918,0.7888921114635767,0.4129936643862965,1.1647905585408571,3.6029322756386866,4.147698125277945,5.67336508671286e-5,0.010934362669196491,1.645145795663531,C1QTNF1,C1q and TNF related 1
ENSG00000263639,-1.2982310704180544,-1.9211646391475086,-0.6752975016886003,1.0518460424316438,-4.118796381980114,6.349360603495979e-5,0.01143828162933983,1.5384131457064196,MSMB,microseminoprotein beta
ENSG00000275385,2.422045879149596,1.2659449133527312,3.5781468449464606,1.4124083252966595,4.140441567606222,5.836307228202044e-5,0.010934362669196491,1.5279617000843606,CCL18,C-C motif chemokine ligand 18
ENSG00000161905,1.6688538932883072,0.8748463898917249,2.4628613966848896,1.1674938898567524,4.153878298068525,5.5380334772837356e-5,0.010934362669196491,1.5199100146312023,ALOX15,arachidonate 15-lipoxygenase
ENSG00000229989,0.8953092695356291,0.4710840320722658,1.3195345069989923,0.3058362527936568,4.170965888731402,5.1797460814007584e-5,0.01055397324494382,1.4544248508163857,MIR181A1HG,MIR181A1 host gene
ENSG00000206384,1.6473410684390977,0.8381659072693627,2.4565162296088325,2.8007848848488424,4.023472535576443,9.167987290659227e-5,0.014696107541509086,1.2396598871091022,COL6A6,collagen type VI alpha 6 chain
ENSG00000240891,-0.6683179727398496,-0.9967537667910478,-0.3398821786886515,3.059976871215562,-4.021543004350174,9.23583821273803e-5,0.014696107541509086,1.2282575252081243,PLCXD2,phosphatidylinositol specific phospholipase C X domain containing 2
ENSG00000112852,-0.9032400689832958,-1.3480913680619429,-0.45838876990464866,0.9841384701049686,-4.012808092631505,9.549035707516426e-5,0.014865000916283963,1.1373515224786077,PCDHB2,protocadherin beta 2
ENSG00000173546,0.609435008539319,0.30916271415285806,0.9097073029257798,3.995161438641479,4.011180399502425,9.608507013025055e-5,0.014865000916283963,1.108482594641325,CSPG4,chondroitin sulfate proteoglycan 4
ENSG00000069399,0.6195910704644381,0.3118590075698783,0.9273231333589979,2.4710852332156503,3.979169695942856,1.0852429722840726e-4,0.015192864684368125,1.0845854873047713,BCL3,BCL3 transcription coactivator
ENSG00000184371,0.7101019718767678,0.35767117286435546,1.06253277088918,3.7017387889992777,3.9820519605833167,1.0734422823202103e-4,0.015192864684368125,1.0570542917950014,CSF1,colony stimulating factor 1
ENSG00000179820,0.7223471487786792,0.3651465890379204,1.079547708519438,4.135585551168991,3.9966295093703055,1.0156082879534223e-4,0.015192864684368125,1.036540872922834,MYADM,myeloid associated differentiation marker
ENSG00000148204,1.2328128141852073,0.6433224035240194,1.822303224846395,-0.9560955331990253,4.133143212228927,6.0046986594521975e-5,0.010972050164665173,1.0254026075369422,CRB2,crumbs cell polarity complex component 2
ENSG00000103472,0.7545246351959538,0.3771672245964475,1.1318820457954601,1.1550831776106243,3.951669358696016,1.2042289356444113e-4,0.01627307699286208,0.9400776446115833,RRN3P2,RRN3 pseudogene 2
ENSG00000279166,0.9554047711506904,0.4805428785167227,1.4302666637846582,0.5116385383833663,3.976309174162941,1.0970768319054415e-4,0.015244769437842918,0.898003618972198,,TEC
ENSG00000146592,0.742518429774321,0.3681602647629054,1.1168765947857366,3.2865136005706015,3.919945115141655,1.3569219399910376e-4,0.017020935426720007,0.8513029325210262,CREB5,cAMP responsive element binding protein 5
ENSG00000146674,0.8620120937943652,0.4344298735828012,1.2895943140059292,7.039788782725766,3.9843160368097092,1.0642584872500569e-4,0.015192864684368125,0.8382248064672071,IGFBP3,insulin like growth factor binding protein 3
ENSG00000074370,0.9759818830451397,0.4815886884924645,1.4703750775978148,2.6777179673263527,3.9014795120558237,1.4541054523227494e-4,0.017042409659899862,0.8274969328640385,ATP2A3,ATPase sarcoplasmic/endoplasmic reticulum Ca2+ transporting 3
ENSG00000127578,-0.9352428536270734,-1.399630679633193,-0.4708550276209538,-0.4100860714480424,-3.980188410507815,1.0810580493384691e-4,0.015192864684368125,0.8104242767583028,WFIKKN1,"WAP, follistatin/kazal, immunoglobulin, kunitz and netrin domain containing 1"
ENSG00000102886,-0.65874374340099,-0.9926796010679149,-0.32480788573406505,3.565470811254928,-3.8986433395590976,1.469606425873045e-4,0.017137531014477327,0.8066887084312766,GDPD3,glycerophosphodiester phosphodiesterase domain containing 3
ENSG00000255524,-1.7202164861105609,-2.569134789939948,-0.8712981822811734,-1.6944472987705297,-4.004767118074537,9.846286665282988e-5,0.014950376557676857,0.7208555967172554,NPIPB8,nuclear pore complex interacting protein family member B8
ENSG00000138152,-0.703869010988329,-1.0641986799699081,-0.34353934200674996,1.9095638098509766,-3.860573994995973,1.6934955255887141e-4,0.018537385456043255,0.695032947016955,BTBD16,BTB domain containing 16
ENSG00000143320,-0.6510599053479469,-0.9795481174513581,-0.3225716932445357,6.315388842647781,-3.9170689828239005,1.3716413347759977e-4,0.01703515218877709,0.6661496529176674,CRABP2,cellular retinoic acid binding protein 2
ENSG00000172244,-0.6852966294095423,-1.0347708072896622,-0.33582245152942247,0.9788167135769092,-3.875462710011445,1.602324541344463e-4,0.01796306439924619,0.6450385803871992,C5orf34,chromosome 5 open reading frame 34
ENSG00000300476,-0.746988520510597,-1.1288507600288533,-0.36512628099234073,0.49832086832016376,-3.8660482603604778,1.6594152541543627e-4,0.018379312115612025,0.6380553414121453,,novel transcript
ENSG00000145284,-0.6689935794232795,-1.0123652487296764,-0.32562191011688274,3.1020771056197485,-3.8505037302664036,1.7579326563656837e-4,0.018886382047973174,0.5948959497532424,SCD5,stearoyl-CoA desaturase 5
ENSG00000160471,1.3986751444235654,0.7273918416985278,2.069958447148603,-2.2744059734028523,4.117855198868975,6.372620382335582e-5,0.01143828162933983,0.5665572857089627,COX6B2,cytochrome c oxidase subunit 6B2
ENSG00000309250,1.3078163386888773,0.6611646820335724,1.9544679953441821,-1.2718683238039623,3.997020933464625,1.0140971080838763e-4,0.015192864684368125,0.5462353371857658,,novel transcript
ENSG00000175894,1.1702848992356254,0.5820887087985144,1.7584810896727365,-1.0885341686571615,3.9321443483016973,1.2961437134116993e-4,0.016543319294591984,0.472986870052269,TSPEAR,thrombospondin type laminin G domain and EAR repeats
ENSG00000115457,-1.0211093650721814,-1.5541291053494208,-0.4880896247949419,2.4018260077830713,-3.78607335861471,2.2286952091718213e-4,0.021196352878705447,0.4527127368602981,IGFBP2,insulin like growth factor binding protein 2
ENSG00000259316,1.8470200481092136,0.9007133013238163,2.793326794894611,0.2842260737395748,3.8574449022797936,1.713273494353695e-4,0.018665833197169884,0.38267795135999005,,novel protein
ENSG00000178363,-0.5905338255268253,-0.893534523505594,-0.2875331275480566,8.178045308735932,-3.8517776470616942,1.7496543338899666e-4,0.018884873708023518,0.3266294178326552,CALML3,calmodulin like 3
ENSG00000169194,1.9414097857061705,1.059658177018276,2.8231613943940648,-3.219838481857703,4.351420087516514,2.526557939903385e-5,0.00658778691611213,0.31147638078369333,IL13,interleukin 13
ENSG00000102032,0.6129323776043072,0.29040737874788425,0.9354573764607301,0.6233309715221378,3.75585864950753,2.488549789668184e-4,0.022383444348465065,0.2863318522583169,RENBP,renin binding protein
ENSG00000296304,-0.606221698654265,-0.9246392649613855,-0.2878041323471446,0.30014825509349197,-3.7626560186979954,2.427701454734869e-4,0.022093035277873478,0.2462412712885138,,novel transcript
ENSG00000102387,-0.9858357165781891,-1.4960794328716738,-0.4755920002847045,-0.6417521656859331,-3.8184485389190654,1.9789090429858872e-4,0.020106294897498232,0.22463896273777895,TAF7L,TATA-box binding protein associated factor 7 like
ENSG00000214787,1.3392873996654475,0.6666687536720849,2.0119060456588103,-1.6711243125846087,3.9351830510375434,1.2814127068337347e-4,0.016543319294591984,0.20572021642560046,MS4A4E,membrane spanning 4-domains A4E
ENSG00000171388,-0.9243616236679095,-1.409634605318661,-0.43908864201715797,0.020676332425819993,-3.764574129280877,2.4107877689755674e-4,0.022025488569624812,0.18850849889890142,APLN,apelin
ENSG00000171532,-1.1095518661824193,-1.6711389171174993,-0.5479648152473394,-2.5918439258565895,-3.904726155084734,1.4365520122812538e-4,0.01703515218877709,0.17977047027727355,NEUROD2,neuronal differentiation 2
ENSG00000303421,-1.2710863674680417,-1.92097209579941,-0.6212006391366733,-2.2970066480196274,-3.8654327295571056,1.663214489476224e-4,0.018379312115612025,0.14663350155206167,,"novel transcript, antisense to COLEC12"
ENSG00000247095,-0.5964528382752174,-0.9146551641248921,-0.2782505124255428,3.3939963190438625,-3.7045274602387166,2.99697575997872e-4,0.024317419400722434,0.14489226334244254,MIR210HG,MIR210 host gene
ENSG00000178187,0.9916969928095171,0.47486599942499363,1.5085279861940406,-1.2299478500297003,3.792193637759114,2.1792923940127846e-4,0.020984505931726426,0.06357542078861123,ZNF454,zinc finger protein 454
ENSG00000304384,-0.6017159946509221,-0.9225833803975699,-0.2808486089042742,4.605323346736585,-3.706175993411818,2.9792210392690435e-4,0.024317419400722434,0.009840003782258577,LINC00302,long intergenic non-protein coding RNA 302
ENSG00000165914,0.6131616303383383,0.280764152288064,0.9455591083886126,2.8547766480350103,3.645669616455548,3.700608311760955e-4,0.027090320657010957,8.250543800132348e-4,TTC7B,tetratricopeptide repeat domain 7B
ENSG00000060718,1.6683938295864729,0.7648223158871134,2.5719653432858323,0.9052785778814687,3.6491868633845503,3.654513500416348e-4,0.027008484169000563,-0.011983291425901932,COL11A1,collagen type XI alpha 1 chain
ENSG00000149043,-0.7693379109058531,-1.1801918636747415,-0.3584839581369647,4.485032038341466,-3.7007497866769814,3.038039632074316e-4,0.024564720453629472,-0.040807839441828087,SYT8,synaptotagmin 8
ENSG00000165606,1.3998094384782391,0.651712376920958,2.1479065000355204,-0.6251495903763431,3.698035084810944,3.067876923198563e-4,0.0246343086089086,-0.052197249474520646,DRGX,dorsal root ganglia homeobox
ENSG00000298459,-1.2079893922216884,-1.8177477383205642,-0.5982310461228126,-2.8190817452602124,-3.9153034377987743,1.3807521314977787e-4,0.01703515218877709,-0.054232793663677725,,novel transcript
ENSG00000305735,-0.9934083775487715,-1.5337372239776677,-0.4530795311198754,0.501484366150107,-3.633538137976841,3.8638443365443087e-4,0.027985513916733352,-0.05545479499997441,,novel transcript
ENSG00000118520,-0.7350500119691912,-1.1243160727194677,-0.3457839512189147,7.502584858139613,-3.7319035187723135,2.714711777073754e-4,0.02323331466604853,-0.05792632381696272,ARG1,arginase 1
ENSG00000198535,-1.2963735012338595,-1.9689980362551602,-0.6237489662125587,-1.2918708174395501,-3.809057239157379,2.048487769346417e-4,0.020228598798065087,-0.06147177219633981,C2CD4A,C2 calcium dependent domain containing 4A
ENSG00000198156,-1.80206180920131,-2.750654025598722,-0.8534695928038979,-2.0902405186187623,-3.754483366715883,2.501035489266551e-4,0.022408891723521077,-0.11007491512491452,NPIPB6,nuclear pore complex interacting protein family member B6
ENSG00000100167,0.6219390361047406,0.2804947039546306,0.9633833682548505,1.5635859314109295,3.599879525590138,4.353064203349637e-4,0.029886747900275644,-0.1345373658050777,SEPTIN3,septin 3
ENSG00000183134,1.0392887943810656,0.4895523162609433,1.5890252725011877,-1.2588576682610737,3.7363000652391367,2.6717962982837157e-4,0.023221612321337792,-0.14121127881811812,PTGDR2,prostaglandin D2 receptor 2
ENSG00000291338,0.8350830877909954,0.3789980881556818,1.291168087426309,0.6461747832680018,3.6186281569479477,4.0737828400397183e-4,0.028560786883976348,-0.14991069523092637,,enhancer_promoter
ENSG00000039987,0.8194537297952106,0.3710539636029011,1.26785349598752,-0.24065251609112306,3.6117619417092177,4.174040581621273e-4,0.029031419353049533,-0.1661965212203418,BEST2,bestrophin 2
ENSG00000154760,0.7061742302625003,0.3150058189644572,1.0973426415605434,2.2779346036431938,3.5678628172426183,4.872156456664089e-4,0.031493945051071545,-0.22699354533764637,SLFN13,schlafen family member 13
ENSG00000204542,-0.7237346705263488,-1.1240886793859246,-0.3233806616667729,1.0286760578352763,-3.5726893468935175,4.79033451014675e-4,0.031261667106366346,-0.2303341269477004,C6orf15,chromosome 6 open reading frame 15
ENSG00000304951,1.0234760522166355,0.49185857728414994,1.555093527149121,-1.9362898699105282,3.8048583706795283,2.0803419685120605e-4,0.020369795662991932,-0.2310373834056172,,"novel transcript, sense intronic to PDE4D"
ENSG00000174473,1.079469731894473,0.4969424426713084,1.6619970211176378,-0.819789769716857,3.6623028305163556,3.4873615786028365e-4,0.026620958155610996,-0.23991382016948215,GALNTL6,polypeptide N-acetylgalactosaminyltransferase like 6
ENSG00000164434,-1.359066046887695,-2.1063553099709242,-0.6117767838044658,3.0263223572456064,-3.5942797731363654,4.439919623707877e-4,0.030303757290519113,-0.24667592883213185,FABP7,fatty acid binding protein 7
ENSG00000152092,-1.4417934794507263,-2.1953737728459446,-0.6882131860555082,-2.119765823672863,-3.7812342479129057,2.2685063858888296e-4,0.02122699967376459,-0.25158020885992993,ASTN1,astrotactin 1
ENSG00000254416,1.265324865970951,0.5866795691912465,1.9439701627506556,-1.5114010863409255,3.684845283339121,3.2168334805072443e-4,0.02547776032377171,-0.2801538885217676,LINC02732,long intergenic non-protein coding RNA 2732
ENSG00000170965,-1.2298682282791416,-1.8764056826925395,-0.5833307738657436,-2.328788857114165,-3.759455529550453,2.456173643190398e-4,0.022178196717461622,-0.2907730594844864,PLAC1,placenta enriched 1
ENSG00000287621,-1.4989114291563992,-2.2600121728189455,-0.7378106854938526,-3.209058986347275,-3.892188663477069,1.505472162993745e-4,0.017454012656909823,-0.30189544311405303,,novel transcript
ENSG00000287737,1.3668987248768443,0.6901527549019345,2.043644694851754,-3.3600843890521466,3.991817876353176,1.0343609851898526e-4,0.015192864684368125,-0.33062615739925416,,novel transcript
ENSG00000230918,1.1277690163528753,0.5332878791575962,1.7222501535481545,-1.8755825439115321,3.7492304741852207,2.5492730755283135e-4,0.022580422817626424,-0.344883866144845,DPP4-DT,DPP4 divergent transcript
ENSG00000039523,0.6319498681542055,0.27838550046746585,0.9855142358409452,2.8127685799161806,3.532435136032437,5.514301976030943e-4,0.03358658573642363,-0.3571571506187077,RIPOR1,RHO family interacting cell polarization regulator 1
ENSG00000168671,-1.0040841722680391,-1.5635763647907543,-0.44459197974532394,1.6737021464470716,-3.546795503804301,5.244962407206343e-4,0.03248583152519262,-0.3717900460632322,UGT3A2,UDP glycosyltransferase family 3 member A2
ENSG00000277089,1.7456308818377342,0.8719703630434131,2.619291400632055,-2.9308416572233917,3.9488420690442956,1.217143029714603e-4,0.01627307699286208,-0.3833975500193505,CCL3-AS1,CCL3 antisense RNA 1
ENSG00000128045,-0.6573241517569217,-1.0258704988880811,-0.28877780462576236,0.5660505420608662,-3.5249059773487015,5.66066643408176e-4,0.03407378655924182,-0.3991951130862823,RASL11B,RAS like family 11 member B
ENSG00000303200,-1.8533570117182148,-2.8525712448858043,-0.8541427785506254,-2.036851665157772,-3.6657304942793325,3.444884718652648e-4,0.026487370457368584,-0.4169222656586209,,novel transcript
ENSG00000279766,0.9977411566970014,0.4655674608795035,1.5299148525144992,-1.9136052071360672,3.7053099377140346,2.9885360233570146e-4,0.024317419400722434,-0.4257706877578551,,TEC
ENSG00000259345,0.9089276644775576,0.40552862317249494,1.41232670578262,-0.5932720737607204,3.5684284763787795,4.862499423294392e-4,0.031493945051071545,-0.4287304591907919,,novel transcript
ENSG00000105641,2.6725718322899663,1.3239484193884257,4.021195245191507,-2.596120077320897,3.916505586662045,1.374542411810942e-4,0.01703515218877709,-0.4289949314086021,SLC5A5,solute carrier family 5 member 5
ENSG00000279235,0.967175623437597,0.4486210996197707,1.4857301472554232,-1.5928907269231414,3.686132764713705,3.2019977349045356e-4,0.02544710939595707,-0.43756845209630413,,tec
ENSG00000170509,-1.4677870010030234,-2.2945304997958447,-0.6410435022102019,0.09054325284483612,-3.508749043754986,5.987178523899757e-4,0.03517429489256146,-0.43932410488464324,HSD17B13,hydroxysteroid 17-beta dehydrogenase 13
ENSG00000215808,-1.5720271656159888,-2.4581112058835517,-0.6859431253484258,0.9345243970142326,-3.5062686682195077,6.038845049454707e-4,0.03521041161247385,-0.4580450335272044,LINC01139,long intergenic non-protein coding RNA 1139
ENSG00000171877,1.3031174676597732,0.5831630964065426,2.023071838913004,-0.5262824057684374,3.577162357268246,4.7156631780901297e-4,0.03113116651356815,-0.4607129798845939,FRMD5,FERM domain containing 5
ENSG00000117115,0.8691223739964893,0.3764220114483498,1.3618227365446287,1.834874001012126,3.48624662563293,6.471522677271925e-4,0.036898809643433,-0.4706563257988332,PADI2,peptidyl arginine deiminase 2
ENSG00000158825,-0.8623547245336161,-1.3508587006630421,-0.37385074840419,1.2578156034321246,-3.488814692737302,6.414441681132221e-4,0.03684493407236493,-0.47118802812413296,CDA,cytidine deaminase
ENSG00000170500,-0.6926449542936504,-1.0856389659365102,-0.29965094265079056,1.919679860477071,-3.4832512424123414,6.538704650783697e-4,0.03709955504305292,-0.4878405142065061,LONRF2,LON peptidase N-terminal domain and ring finger 2
ENSG00000116833,-0.5883534935568093,-0.9199748263702282,-0.25673216074339045,0.14005714619454618,-3.50635540923655,6.037031171676608e-4,0.03521041161247385,-0.5124398012824862,NR5A2,nuclear receptor subfamily 5 group A member 2
ENSG00000101194,0.9940367975682147,0.43965940188333175,1.5484141932530977,-0.46588053705486093,3.54370046989597,5.301943344359383e-4,0.03269771604735607,-0.5233615336553177,SLC17A9,solute carrier family 17 member 9
ENSG00000267838,-0.8450329442844804,-1.3099516821796997,-0.3801142063892611,-1.0913327100869783,-3.592168076611943,4.473095571582955e-4,0.030440661534942532,-0.5368889973764466,,novel transcript
ENSG00000295824,-0.88986294686735,-1.396724792869907,-0.3830011008647932,0.35497746608708425,-3.469713222315406,6.850596670442801e-4,0.03785117769864182,-0.5368960967326597,,novel transcript
ENSG00000205209,1.31532302096995,0.5781010287728964,2.0525450131670038,-0.7721262026508819,3.5260965320588573,5.637281668024096e-4,0.03406738499691853,-0.5383574149806414,SCGB2B2,secretoglobin family 2B member 2
ENSG00000112530,-0.769052280889474,-1.2033278771977192,-0.33477668458122883,-0.36095650176540706,-3.4998585944991203,6.174315921254682e-4,0.03582029381715904,-0.5389508648177523,PACRG,parkin coregulated
ENSG00000105499,0.7574137375969754,0.3241651439561869,1.190662331237764,1.0121146824424645,3.455063827767633,7.203802423262511e-4,0.0389913400994844,-0.5742396209500722,PLA2G4C,phospholipase A2 group IVC
ENSG00000287272,-1.1359509860619936,-1.767991784636308,-0.5039101874876792,-1.4712629415534235,-3.552012932282272,5.150210441135733e-4,0.032389101218698056,-0.5938378826659125,,novel transcript
ENSG00000164129,-0.6904256310705988,-1.0865282458727896,-0.29432301626840807,-0.17160900172987334,-3.4448415820686087,7.460315033753352e-4,0.0396164921449154,-0.6035867411365592,NPY5R,neuropeptide Y receptor Y5
ENSG00000297940,-1.8250593229220808,-2.8002012002485324,-0.8499174455956294,-2.65876115638538,-3.6988714367958146,3.0586551590951866e-4,0.0246343086089086,-0.6041832385382584,,"novel transcript, sense intronic to ANKRD54"
ENSG00000262119,1.1723000454593449,0.5331521266166054,1.8114479643020842,-2.1587409691670914,3.6249119445017084,3.984024892839061e-4,0.02835247937788497,-0.6096287563098182,,"novel transcript, sense intronic to NOVA1"
ENSG00000227368,-1.1091098621288076,-1.7278912831899182,-0.4903284410676968,-2.134484475718192,-3.542398049565387,5.326095262389294e-4,0.03269771604735607,-0.6110469944029999,CDK8P2,cyclin dependent kinase 8 pseudogene 2
ENSG00000104888,0.9462959062710934,0.41700052721845093,1.4755912853237358,-1.4822792341080442,3.533368373400951,5.496410248535546e-4,0.03356570953355681,-0.6305283381500368,SLC17A7,solute carrier family 17 member 7
ENSG00000261572,-0.6120739952142548,-0.96454625864005,-0.25960173178845963,1.38898844389346,-3.431934886692598,7.79643673119309e-4,0.040570551924955116,-0.6335783925834502,,"novel transcript, intronic to CMTM8"
ENSG00000244219,-0.6173515687109802,-0.9716102976902348,-0.26309283973172565,0.03708556372847966,-3.444070671418455,7.480003444055579e-4,0.03963035614674743,-0.6586564715274354,TMEM225B,transmembrane protein 225B
ENSG00000301778,-1.0863680977770924,-1.6728612238810499,-0.4998749716731349,-2.843626479368435,-3.660784262851045,3.5063380031276846e-4,0.026678058918223294,-0.6804990108235947,,"novel transcript, antisense to MYH14"
ENSG00000144057,-1.0132829764018692,-1.5987942326001872,-0.42777172020355114,0.4053349624786427,-3.4202319240705603,8.113438285998432e-4,0.04093053236193035,-0.685844761165967,ST6GAL2,"ST6 beta-galactoside alpha-2,6-sialyltransferase 2"
ENSG00000180871,-0.730646548143588,-1.1535908522330447,-0.3077022440541313,2.911906945674619,-3.4141627119609073,8.28255621671377e-4,0.04123582826238531,-0.7048030301339798,CXCR2,C-X-C motif chemokine receptor 2
ENSG00000145536,1.670042891434607,0.8260756272802932,2.514010155588921,-3.673613692157268,3.9107682643332295,1.4044198246634682e-4,0.01703515218877709,-0.7089305227800811,ADAMTS16,ADAM metallopeptidase with thrombospondin type 1 motif 16
ENSG00000184709,1.6024687822316326,0.7484373182988834,2.456500246164382,-3.017931345616585,3.7083077195616574,2.9564098493151347e-4,0.024317419400722434,-0.708978423395604,LRRC26,leucine rich repeat containing 26
ENSG00000299273,-1.0806761728741991,-1.6759393408413907,-0.48541300490700745,-2.706513813875453,-3.5879519914512406,4.5400330719402214e-4,0.030805850136679757,-0.7167159773754541,,novel transcript
ENSG00000133019,1.4135940861864558,0.5989224080301204,2.2282657643427912,-0.5563018026856714,3.4292737866638534,7.867481471738539e-4,0.040662087980660254,-0.7426071387542326,CHRM3,cholinergic receptor muscarinic 3
ENSG00000236377,-0.6736287008650843,-1.0611880014287376,-0.28606940030143096,-0.27707194566786286,-3.435124466666929,7.712075651842417e-4,0.04030775395870611,-0.7466147071089955,MYO1D-DT,MYO1D divergent transcript
ENSG00000225107,1.1168025366827863,0.4825204876585467,1.7510845857070259,-1.5288237439959096,3.479797964982652,6.616969490504265e-4,0.037288719180307496,-0.7629114993181734,,novel transcript
ENSG00000233321,-0.642954792917672,-1.0184078184857828,-0.26750176734956127,1.2606103547153145,-3.3844249520158174,9.160010235990506e-4,0.0431626534600998,-0.7655041249598611,LINC02669,long intergenic non-protein coding RNA 2669
ENSG00000301532,-1.1275033269921524,-1.7352334629618649,-0.51977319102244,-2.8442205463570502,-3.6666302581343237,3.4338158061044256e-4,0.026487370457368584,-0.774264930201416,,novel transcript
ENSG00000243627,-1.1381048560129554,-1.7994954107889816,-0.47671430123692926,0.8975587943682168,-3.4008254845187555,8.665871563739688e-4,0.042204234072026524,-0.7884888066059235,SMIM34,small integral membrane protein 34
ENSG00000310080,-0.9018192944261496,-1.4211509041025319,-0.38248768474976735,-1.3223069090238266,-3.4319015760292158,7.797322312561399e-4,0.040570551924955116,-0.8012940955244758,,novel transcript
ENSG00000271811,1.3400136666578017,0.5972390011506092,2.082788332164994,-1.8887394894721985,3.565432376357963,4.913855356968208e-4,0.03158751451905934,-0.8095951085839426,,novel transcript
ENSG00000255501,-0.7163044001130818,-1.1299379648008694,-0.3026708354252944,3.8539428485507305,-3.4224877689708033,8.051408720048648e-4,0.04093053236193035,-0.8104819749830883,CARD18,caspase recruitment domain family member 18
ENSG00000225421,-1.675336113467346,-2.52345061180256,-0.8272216151321314,-4.312660079706899,-3.9039794357160966,1.4405713160209576e-4,0.01703515218877709,-0.8115217213991635,,novel transcript
ENSG00000230753,-1.0409085847106552,-1.6206827521397256,-0.4611344172815849,-1.9343956956528563,-3.5482465401967,5.218447161914013e-4,0.03248583152519262,-0.8161982954813842,ZNF341-AS1,ZNF341 antisense RNA 1
ENSG00000103534,0.8773001847118809,0.3664827822672637,1.388117587156498,3.908727444232689,3.3942403741410665,8.861199002728513e-4,0.042438254895837337,-0.8467232889853813,TMC5,transmembrane channel like 5
ENSG00000182168,1.0560239236185853,0.4458586505177775,1.6661891967193931,-0.45342515953751017,3.4204742786654236,8.106752781868216e-4,0.04093053236193035,-0.8536905543896021,UNC5C,unc-5 netrin receptor C
ENSG00000119508,1.1038664792068644,0.4568385475767852,1.7508944108369437,0.9447471820713131,3.37173609244402,9.560286499627652e-4,0.044333803774982604,-0.8700416962745807,NR4A3,nuclear receptor subfamily 4 group A member 3
ENSG00000290620,-1.1515052315616918,-1.79410928510407,-0.5089011780193136,-2.401151107894448,-3.5414614051609434,5.34352825967992e-4,0.03271818385069452,-0.8724391149982722,,novel transcript
ENSG00000268751,2.260722420624097,0.9518588011632574,3.5695860400849364,-1.1650587928554608,3.413602151356652,8.298341721336698e-4,0.04123582826238531,-0.9016079640278551,SCGB1B2P,"secretoglobin family 1B member 2, pseudogene"
ENSG00000268104,-1.1821244486747777,-1.872489084586675,-0.4917598127628804,4.855094117706636,-3.3841119507193937,9.169692388101871e-4,0.0431626534600998,-0.911191828342262,SLC6A14,solute carrier family 6 member 14
ENSG00000136999,0.5859883043948138,0.24474217665727538,0.9272344321323521,4.1214388242608235,3.393761157383843,8.875573282334693e-4,0.042438254895837337,-0.9197359443439765,CCN3,cellular communication network factor 3
ENSG00000224790,1.5847931185103636,0.7224681583424294,2.447118078678298,-2.9236012334254773,3.6321324590488704,3.8831920542911917e-4,0.027985513916733352,-0.9697457520301853,HLCS-AS1,HLCS antisense RNA 1
ENSG00000240758,-1.1001494142969923,-1.739965973285098,-0.46033285530888646,-0.937540994247508,-3.398257269818242,8.741565193129062e-4,0.042438254895837337,-0.9948847572756243,HILPDA-AS1,HILPDA antisense RNA 1
ENSG00000142178,0.854289116179197,0.35402275800142013,1.3545554743569739,4.187170151817462,3.3749211718274763,9.4583008086339e-4,0.04416284276964955,-1.001684193081391,SIK1,salt inducible kinase 1
ENSG00000236790,1.0629731551524237,0.43598382124962354,1.6899624890552238,-0.0769058139995107,3.350597055433832,0.0010263672199849485,0.04592938638506188,-1.0272712626108698,LINC00299,long intergenic non-protein coding RNA 299
ENSG00000298660,1.1366701028582895,0.5083842655652192,1.76495594015136,-2.646609457683787,3.5755036497259987,4.7432243428769256e-4,0.031181661218357488,-1.0873905792970522,,novel transcript
ENSG00000123977,-1.33205579327958,-2.103217441925113,-0.5608941446340472,-2.150186891975153,-3.413791959059907,8.292993541997054e-4,0.04123582826238531,-1.1128959296529928,DAW1,dynein assembly factor with WD repeats 1
ENSG00000275874,1.2103491739632704,0.5258292904410128,1.8948690574855278,-2.753010363747308,3.494496975372475,6.289817522760944e-4,0.03630883219731106,-1.1178177461116743,PICSAR,P38 inhibited cutaneous squamous cell carcinoma associated lincRNA
ENSG00000273248,-0.9583309771449076,-1.5161416165333743,-0.4005203377564407,-1.4041343225234872,-3.3953831695261956,8.827008381650658e-4,0.042438254895837337,-1.1184404296555703,,novel transcript
ENSG00000290525,-1.2087758338556343,-1.9191867937740952,-0.4983648739371733,-0.7599683597952951,-3.362762335911857,9.853185523579116e-4,0.04501043764964113,-1.1291104147020325,GBP1P1,guanylate binding protein 1 pseudogene 1
ENSG00000152315,1.017868124073651,0.42777270365250997,1.6079635444947917,-1.5938818624438325,3.40901826731445,8.428486868451546e-4,0.041526850587958936,-1.132476227225454,KCNK13,potassium two pore domain channel subfamily K member 13
ENSG00000155897,2.0585565666226966,0.8685677289298015,3.2485454043155917,-2.3714791366200516,3.4188494449097373,8.15167377777851e-4,0.041034217285711085,-1.1787735214156472,ADCY8,adenylate cyclase 8
ENSG00000279320,1.063970428352792,0.4525227606627008,1.675418096042883,-2.322487186190084,3.4389853305895954,7.611105200880153e-4,0.04014166074809655,-1.2554743849154817,,TEC
ENSG00000145107,1.3035758170154668,0.5489105494808383,2.058241084550095,-2.1214242974844395,3.413830790223367,8.29189980102044e-4,0.04123582826238531,-1.3121274513087222,TM4SF19,transmembrane 4 L six family member 19
ENSG00000298094,-1.1005764621222736,-1.7464255419148849,-0.45472738232966214,-1.7555416903128034,-3.3678228081017645,9.686997988492386e-4,0.044602475262094106,-1.3327141171664945,,novel transcript
ENSG00000104848,1.1995185043457635,0.4947191602814005,1.9043178484101264,-2.111718689826138,3.3635781245879244,9.826215667582128e-4,0.04497577135737887,-1.4251702359435021,KCNA7,potassium voltage-gated channel subfamily A member 7
ENSG00000248801,-1.1967104921774419,-1.9029090254044254,-0.4905119589504582,-3.034275309352511,-3.349055511081608,0.0010316814456846838,0.045952398519306666,-1.4301693213205366,C8orf34-AS1,C8orf34 antisense RNA 1
ENSG00000285662,1.5135437042093387,0.6746745058821257,2.3524129025365514,-3.863297690855212,3.565831164161605,4.906990404160748e-4,0.03158751451905934,-1.4382807064476602,FAM245B,family with sequence similarity 245 member B
ENSG00000135447,1.335377966436187,0.5402850694398738,2.1304708634325,-2.693755188584749,3.319299121810823,0.001139439931402921,0.04914840715266949,-1.4532667264737902,PPP1R1A,protein phosphatase 1 regulatory inhibitor subunit 1A
ENSG00000250331,1.3886622000359004,0.5758284738238059,2.2014959262479947,-2.9206874464164243,3.37640828625175,9.411033134217994e-4,0.04403073284529491,-1.4659645816057179,LINC01340,long intergenic non-protein coding RNA 1340
ENSG00000293042,1.4494605577015034,0.6264249066181463,2.2724962087848604,-3.593377455562495,3.4805494849484497,6.599862546465949e-4,0.037288719180307496,-1.4880842799282132,,novel transcript
ENSG00000184811,1.5459974764623938,0.6539007341367725,2.4380942187880152,-3.59499885654276,3.4249708991640753,7.983643590236045e-4,0.040872685270620095,-1.500954677010009,TRARG1,trafficking regulator of GLUT4 (SLC2A4) 1
ENSG00000261734,1.2888968565784098,0.5418873227204528,2.0359063904363666,-3.274721221468453,3.4099819366581654,8.400968713110695e-4,0.04147933616094613,-1.5042168558366367,,novel transcript
ENSG00000204778,1.9469745727720058,0.852625184768208,3.0413239607758036,-4.160249771671087,3.516125265956987,5.835976132026012e-4,0.03462622751036181,-1.576602258148621,ZNG1DP,"Zn regulated GTPase metalloprotein activator 1D, pseudogene"
ENSG00000199879,1.2649799788228449,0.5187836200502057,2.011176337595484,-2.89011386406335,3.3503531339380137,0.001027206392047191,0.04592938638506188,-1.6471415342991156,RNVU1-22,"RNA, variant U1 small nuclear 22"
ENSG00000250328,1.6661940202211056,0.6840456695380095,2.648342370904202,-2.8402943871152946,3.3528068752813445,0.0010187938504358112,0.045818081575995026,-1.7156850221447462,MGC32805,uncharacterized LOC153163
ENSG00000171772,1.5461683612880277,0.638319723131165,2.4540169994448906,-3.818470814752466,3.3659169365266095,9.749277171425041e-4,0.04471180356523508,-1.8187602208929672,SYCE1,synaptonemal complex central element protein 1
